Entity,Code,Year,"11.5.1 - Number of deaths and missing persons attributed to disasters per 100,000 population (number) - VC_DSR_MTMP"
Afghanistan,AFG,2017,0.06056
Afghanistan,AFG,2019,1.16548
Albania,ALB,2005,0.23244
Albania,ALB,2006,0.06683
Albania,ALB,2007,0.06734
Albania,ALB,2008,0.54287
Albania,ALB,2009,0.20495
Albania,ALB,2010,0.44627
Albania,ALB,2011,0.74996
Albania,ALB,2012,0.27582
Albania,ALB,2013,0.31087
Albania,ALB,2014,0.31152
Albania,ALB,2015,0.41583
Albania,ALB,2016,0.69551
Albania,ALB,2018,0.73162
Albania,ALB,2019,1.92145
Albania,ALB,2020,0.45375
Algeria,DZA,2005,0.3586
Algeria,DZA,2006,0.03285
Algeria,DZA,2007,0.17597
Algeria,DZA,2008,0.24381
Algeria,DZA,2009,0.05954
Algeria,DZA,2010,0.02224
Algeria,DZA,2011,0.08171
Algeria,DZA,2012,0.11468
Algeria,DZA,2013,0.06006
Algeria,DZA,2015,0.12762
Algeria,DZA,2017,0.04077
Algeria,DZA,2018,0.75392
Algeria,DZA,2019,0.03225
American Samoa,ASM,2009,317.60035
American Samoa,ASM,2015,7.16769
Angola,AGO,2005,0.11373
Angola,AGO,2006,0.31148
Angola,AGO,2007,2.76299
Angola,AGO,2008,1.38686
Angola,AGO,2009,0.43224
Angola,AGO,2010,0.49341
Angola,AGO,2011,1.36171
Angola,AGO,2012,0.38759
Angola,AGO,2013,0.26064
Angola,AGO,2014,0.60103
Angola,AGO,2015,1.64533
Angola,AGO,2016,1.24711
Angola,AGO,2017,9.31606
Angola,AGO,2018,0.30427
Angola,AGO,2019,0.92459
Angola,AGO,2020,0.1799
Antigua and Barbuda,ATG,2009,2.39166
Antigua and Barbuda,ATG,2010,9.45381
Antigua and Barbuda,ATG,2011,1.16867
Antigua and Barbuda,ATG,2012,1.15217
Antigua and Barbuda,ATG,2013,4.54189
Antigua and Barbuda,ATG,2014,3.35604
Antigua and Barbuda,ATG,2020,4.08601
Argentina,ARG,2005,0.49492
Argentina,ARG,2006,0.32075
Argentina,ARG,2007,0.95791
Argentina,ARG,2008,0.60384
Argentina,ARG,2009,1.02904
Argentina,ARG,2010,0.44111
Argentina,ARG,2011,0.17934
Argentina,ARG,2012,0.16773
Argentina,ARG,2014,0.21561
Argentina,ARG,2015,0.22257
Argentina,ARG,2018,0.02225
Armenia,ARM,2005,12.81174
Armenia,ARM,2006,13.89952
Armenia,ARM,2007,14.94835
Armenia,ARM,2008,16.14309
Armenia,ARM,2009,13.06552
Armenia,ARM,2010,5.07332
Armenia,ARM,2011,6.22743
Armenia,ARM,2012,9.06864
Armenia,ARM,2013,12.98358
Armenia,ARM,2014,13.02575
Armenia,ARM,2015,14.28287
Armenia,ARM,2016,11.10518
Armenia,ARM,2017,11.9217
Armenia,ARM,2018,13.55655
Armenia,ARM,2019,14.42958
Armenia,ARM,2020,110.95742
Australia,AUS,2009,0.7912
Australia,AUS,2011,0.16872
Australia,AUS,2015,0.04169
Australia,AUS,2016,0.0697
Australia,AUS,2017,0.03229
Australia,AUS,2019,0.11039
Australia,AUS,2020,0.49441
Austria,AUT,2005,0.1829
Austria,AUT,2006,0.04846
Austria,AUT,2007,0.04829
Austria,AUT,2008,0.09629
Austria,AUT,2009,0.07199
Austria,AUT,2010,0.10776
Austria,AUT,2011,0.01197
Austria,AUT,2012,0.15461
Austria,AUT,2013,0.17747
Austria,AUT,2014,0.03526
Austria,AUT,2015,0.06989
Austria,AUT,2016,0.04598
Austria,AUT,2017,0.12538
Austria,AUT,2018,0.01134
Austria,AUT,2019,0.10138
Austria,AUT,2020,0.12358
Bangladesh,BGD,2007,3.09916
Bangladesh,BGD,2008,0.00754
Bangladesh,BGD,2009,0.1285
Bangladesh,BGD,2010,0.06413
Bangladesh,BGD,2011,0.01255
Bangladesh,BGD,2012,0.1312
Bangladesh,BGD,2013,0.11931
Bangladesh,BGD,2014,0.10829
Bangladesh,BGD,2015,0.1535
Bangladesh,BGD,2016,0.20312
Bangladesh,BGD,2017,0.43905
Bangladesh,BGD,2018,0.23667
Bangladesh,BGD,2019,0.20195
Bangladesh,BGD,2020,4.62428
Barbados,BRB,2005,1.4651
Barbados,BRB,2006,0.72996
Barbados,BRB,2007,2.18849
Barbados,BRB,2008,1.81919
Barbados,BRB,2009,0.36305
Barbados,BRB,2010,2.51961
Barbados,BRB,2014,0.36075
Barbados,BRB,2015,1.09237
Barbados,BRB,2016,1.05263
Barbados,BRB,2017,1.39746
Belize,BLZ,2005,1.0281
Belize,BLZ,2008,2.28155
Belize,BLZ,2010,1.24049
Belize,BLZ,2011,0.30113
Benin,BEN,2010,0.524
Benin,BEN,2011,0.61762
Benin,BEN,2012,0.19221
Benin,BEN,2013,0.20982
Benin,BEN,2014,0.00972
Benin,BEN,2015,0.10371
Benin,BEN,2016,0.21071
Benin,BEN,2017,0.06232
Benin,BEN,2018,0.42408
Benin,BEN,2019,0.22719
Benin,BEN,2020,0.06546
Bhutan,BTN,2005,89.92381
Bhutan,BTN,2006,72.50511
Bhutan,BTN,2007,77.85845
Bhutan,BTN,2008,59.15811
Bhutan,BTN,2009,469.70546
Bhutan,BTN,2010,397.08431
Bhutan,BTN,2011,329.1141
Bhutan,BTN,2012,276.68352
Bhutan,BTN,2013,287.72051
Bhutan,BTN,2014,254.84699
Bhutan,BTN,2015,171.98517
Bhutan,BTN,2017,2.85499
Bhutan,BTN,2018,2.31119
Bhutan,BTN,2019,3.80666
Bolivia,BOL,2005,0.67178
Bolivia,BOL,2006,0.41536
Bolivia,BOL,2007,0.8482
Bolivia,BOL,2008,1.29764
Bolivia,BOL,2009,0.31408
Bolivia,BOL,2010,0.43866
Bolivia,BOL,2011,1.31491
Bolivia,BOL,2012,0.93441
Bolivia,BOL,2013,0.10468
Bolivia,BOL,2014,0.21564
Bolivia,BOL,2017,0.2871
Botswana,BWA,2018,0.04641
Brazil,BRA,2005,0.0875
Brazil,BRA,2006,0.04644
Brazil,BRA,2007,0.06386
Brazil,BRA,2008,0.118
Brazil,BRA,2009,0.15707
Brazil,BRA,2010,0.41586
Brazil,BRA,2011,0.55016
Brazil,BRA,2012,0.04919
Brazil,BRA,2013,0.36462
Brazil,BRA,2014,0.05918
Brazil,BRA,2015,0.07224
Brazil,BRA,2016,0.04436
Brazil,BRA,2017,0.07833
Bulgaria,BGR,2005,0.02591
Bulgaria,BGR,2007,0.1178
Bulgaria,BGR,2012,0.13728
Bulgaria,BGR,2014,0.29158
Bulgaria,BGR,2016,0.09857
Bulgaria,BGR,2017,0.05674
Bulgaria,BGR,2018,0.01429
Burkina Faso,BFA,2005,5.78001
Burkina Faso,BFA,2006,12.15208
Burkina Faso,BFA,2007,13.73139
Burkina Faso,BFA,2008,7.86088
Burkina Faso,BFA,2009,5.005
Burkina Faso,BFA,2010,6.54123
Burkina Faso,BFA,2011,4.39424
Burkina Faso,BFA,2012,4.8572
Burkina Faso,BFA,2013,2.90946
Burkina Faso,BFA,2014,2.43843
Burkina Faso,BFA,2015,1.68559
Burkina Faso,BFA,2016,1.71794
Burkina Faso,BFA,2017,1.15627
Burkina Faso,BFA,2018,0.89903
Burkina Faso,BFA,2019,0.03354
Burundi,BDI,2015,1.5
Burundi,BDI,2016,1.79224
Burundi,BDI,2017,1.9138
Burundi,BDI,2018,5.52143
Cambodia,KHM,2005,0.21004
Cambodia,KHM,2006,0.20596
Cambodia,KHM,2007,0.22975
Cambodia,KHM,2008,0.36579
Cambodia,KHM,2009,1.25663
Cambodia,KHM,2010,0.63624
Cambodia,KHM,2011,3.15399
Cambodia,KHM,2012,1.30245
Cambodia,KHM,2013,2.55509
Cambodia,KHM,2014,0.85616
Cambodia,KHM,2015,0.66484
Cambodia,KHM,2016,0.33648
Cambodia,KHM,2017,0.6235
Cambodia,KHM,2018,1.28897
Cambodia,KHM,2019,0.94798
Cameroon,CMR,2005,7.74744
Cameroon,CMR,2006,6.16326
Cameroon,CMR,2007,6.50204
Cameroon,CMR,2008,7.17974
Cameroon,CMR,2009,6.73592
Cameroon,CMR,2011,8.28755
Cameroon,CMR,2012,0.07269
Cameroon,CMR,2014,6.17338
Cameroon,CMR,2015,4.91891
Cameroon,CMR,2016,3.54448
Cameroon,CMR,2017,1.31526
Cameroon,CMR,2018,1.03365
Cameroon,CMR,2019,3.97374
Cape Verde,CPV,2009,0.58982
Cape Verde,CPV,2015,2.85805
Cape Verde,CPV,2017,0.18599
Central African Republic,CAF,2015,0.04451
Chile,CHL,2005,0.1483
Chile,CHL,2006,0.13457
Chile,CHL,2007,0.08476
Chile,CHL,2008,0.04192
Chile,CHL,2009,0.45613
Chile,CHL,2010,3.3814
Chile,CHL,2011,0.01159
Chile,CHL,2012,0.04013
Chile,CHL,2013,0.04542
Chile,CHL,2014,0.12368
Chile,CHL,2015,0.36169
Chile,CHL,2016,0.01101
Chile,CHL,2017,0.26175
China,CHN,2015,0.07035
China,CHN,2016,0.12338
China,CHN,2017,0.07043
China,CHN,2018,0.04551
China,CHN,2019,0.06493
Colombia,COL,2005,0.64353
Colombia,COL,2006,0.57365
Colombia,COL,2007,0.53726
Colombia,COL,2008,0.6569
Colombia,COL,2009,0.60918
Colombia,COL,2010,1.1602
Colombia,COL,2011,1.17929
Colombia,COL,2012,0.59036
Colombia,COL,2013,1.09717
Colombia,COL,2014,1.4456
Colombia,COL,2015,1.12233
Colombia,COL,2016,1.07697
Colombia,COL,2017,2.02671
Colombia,COL,2018,0.96921
Colombia,COL,2019,0.85433
Colombia,COL,2020,0.82386
Comoros,COM,2007,0.15731
Comoros,COM,2011,9.35671
Comoros,COM,2012,0.4142
Comoros,COM,2014,0.53778
Comoros,COM,2015,1.14687
Comoros,COM,2017,2.29428
Comoros,COM,2019,0.6865
Cook Islands,COK,2010,16.31144
Costa Rica,CRI,2005,0.21351
Costa Rica,CRI,2006,0.1636
Costa Rica,CRI,2007,0.73726
Costa Rica,CRI,2008,0.27247
Costa Rica,CRI,2009,0.78311
Costa Rica,CRI,2010,0.92636
Costa Rica,CRI,2011,0.23954
Costa Rica,CRI,2012,0.3654
Costa Rica,CRI,2013,0.25461
Costa Rica,CRI,2014,0.25141
Costa Rica,CRI,2015,0.16556
Costa Rica,CRI,2016,0.38852
Costa Rica,CRI,2017,0.44467
Costa Rica,CRI,2018,0.09993
Costa Rica,CRI,2019,0.11862
Costa Rica,CRI,2020,46.01625
Cote d'Ivoire,CIV,2005,0.05993
Cote d'Ivoire,CIV,2006,0.10131
Cote d'Ivoire,CIV,2007,0.11997
Cote d'Ivoire,CIV,2008,0.0357
Cote d'Ivoire,CIV,2009,0.13733
Cote d'Ivoire,CIV,2010,0.12176
Cote d'Ivoire,CIV,2011,0.00951
Cote d'Ivoire,CIV,2013,0.11319
Cote d'Ivoire,CIV,2014,0.41064
Cote d'Ivoire,CIV,2015,0.1593
Croatia,HRV,2017,0.58345
Cuba,CUB,2005,0.15154
Cuba,CUB,2008,0.06261
Cuba,CUB,2012,0.0985
Cuba,CUB,2017,0.08905
Cyprus,CYP,2005,0.13441
Cyprus,CYP,2006,0.13194
Cyprus,CYP,2008,0.12549
Cyprus,CYP,2009,0.12209
Cyprus,CYP,2011,1.50812
Cyprus,CYP,2013,0.11655
Cyprus,CYP,2016,0.23397
Cyprus,CYP,2018,0.11493
Cyprus,CYP,2019,1.94086
Czechia,CZE,2015,0.01895
Czechia,CZE,2016,0.00945
Czechia,CZE,2017,0.08483
Czechia,CZE,2018,0.01882
Djibouti,DJI,2005,6.82128
Djibouti,DJI,2006,18.03642
Djibouti,DJI,2007,3.61224
Djibouti,DJI,2008,3.13737
Djibouti,DJI,2009,6.96686
Djibouti,DJI,2010,8.20386
Djibouti,DJI,2011,23.70989
Djibouti,DJI,2012,3.14961
Dominica,DMA,2007,2.82769
Dominica,DMA,2010,8.48296
Dominica,DMA,2011,7.14561
Dominica,DMA,2012,4.31785
Dominica,DMA,2013,2.87117
Ecuador,ECU,2005,0.49558
Ecuador,ECU,2006,0.5872
Ecuador,ECU,2007,0.25325
Ecuador,ECU,2008,1.25061
Ecuador,ECU,2009,0.46816
Ecuador,ECU,2010,0.95922
Ecuador,ECU,2013,4.10149
Ecuador,ECU,2014,3.56263
Ecuador,ECU,2016,3.9265
Ecuador,ECU,2017,0.01192
Ecuador,ECU,2020,54.09853
Egypt,EGY,2005,9.28487
Egypt,EGY,2006,8.64172
Egypt,EGY,2007,9.13318
Egypt,EGY,2008,8.96752
Egypt,EGY,2009,10.16833
Egypt,EGY,2010,9.15554
Egypt,EGY,2011,9.06996
Egypt,EGY,2012,7.86312
Egypt,EGY,2013,8.10006
Egypt,EGY,2014,7.48845
Egypt,EGY,2015,7.28547
Egypt,EGY,2016,2.36923
Egypt,EGY,2017,4.22427
Egypt,EGY,2018,3.22321
Egypt,EGY,2019,1.72561
Egypt,EGY,2020,9.82794
El Salvador,SLV,2005,4.39712
El Salvador,SLV,2006,1.11955
El Salvador,SLV,2007,0.40041
El Salvador,SLV,2008,1.20822
El Salvador,SLV,2009,1.25151
El Salvador,SLV,2010,0.90571
El Salvador,SLV,2011,1.04566
El Salvador,SLV,2012,0.44789
El Salvador,SLV,2013,0.15901
El Salvador,SLV,2014,0.33185
El Salvador,SLV,2015,0.0774
Equatorial Guinea,GNQ,2012,0.09625
Equatorial Guinea,GNQ,2015,0.32721
Equatorial Guinea,GNQ,2016,0.86739
Equatorial Guinea,GNQ,2017,1.29529
Estonia,EST,2005,1.10719
Estonia,EST,2011,0.75333
Eswatini,SWZ,2006,0.19606
Eswatini,SWZ,2007,0.2369
Eswatini,SWZ,2010,0.18948
Eswatini,SWZ,2011,1.40479
Eswatini,SWZ,2014,2.44081
Eswatini,SWZ,2016,0.08829
Eswatini,SWZ,2019,1.96173
Ethiopia,ETH,2005,0.79356
Ethiopia,ETH,2006,2.54144
Ethiopia,ETH,2008,0.19942
Ethiopia,ETH,2009,0.00773
Ethiopia,ETH,2010,0.08288
Ethiopia,ETH,2011,0.1151
Ethiopia,ETH,2012,0.09553
Ethiopia,ETH,2013,0.23067
Ethiopia,ETH,2014,0.08414
Ethiopia,ETH,2015,0.08326
Ethiopia,ETH,2016,0.41429
Ethiopia,ETH,2017,0.16216
Ethiopia,ETH,2018,0.24559
Ethiopia,ETH,2019,0.23818
Fiji,FJI,2005,0.36207
Fiji,FJI,2006,0.96314
Fiji,FJI,2007,9.91316
Fiji,FJI,2008,1.66538
Fiji,FJI,2009,3.2989
Fiji,FJI,2010,0.47093
Fiji,FJI,2011,0.11708
Fiji,FJI,2012,3.26187
Fiji,FJI,2016,5.16657
Fiji,FJI,2018,1.01559
Fiji,FJI,2019,0.22489
Fiji,FJI,2020,2.01919
Finland,FIN,2005,0.42009
Finland,FIN,2006,0.11416
Finland,FIN,2007,0.32073
Finland,FIN,2008,0.33794
Finland,FIN,2009,0.11212
Finland,FIN,2010,0.20464
Finland,FIN,2011,0.05554
Finland,FIN,2013,0.05503
Finland,FIN,2014,0.34724
Finland,FIN,2015,0.01825
Finland,FIN,2016,0.0546
Finland,FIN,2018,0.07246
France,FRA,2016,1.13952
France,FRA,2017,0.82147
France,FRA,2018,2.35608
French Polynesia,PYF,2007,7.61275
Gambia,GMB,2007,25.50194
Gambia,GMB,2008,0.44096
Gambia,GMB,2009,0.36746
Gambia,GMB,2010,2.7728
Gambia,GMB,2013,0.10769
Gambia,GMB,2016,0.05385
Gambia,GMB,2017,0.32307
Gambia,GMB,2018,14.48432
Gambia,GMB,2019,13.01495
Georgia,GEO,2017,0.21469
Georgia,GEO,2018,0.05362
Georgia,GEO,2019,0.188
Ghana,GHA,2012,0.26718
Ghana,GHA,2014,0.0074
Ghana,GHA,2015,0.38308
Ghana,GHA,2016,0.01766
Ghana,GHA,2017,0.4973
Ghana,GHA,2018,0.52677
Ghana,GHA,2019,6.84592
Ghana,GHA,2020,10.19538
Grenada,GRD,2005,1.91496
Grenada,GRD,2007,0.95255
Guatemala,GTM,2005,0.57184
Guatemala,GTM,2007,0.34376
Guatemala,GTM,2008,2.16085
Guatemala,GTM,2009,0.92041
Guatemala,GTM,2010,2.93038
Guatemala,GTM,2011,0.85298
Guatemala,GTM,2012,0.6411
Guatemala,GTM,2013,0.51005
Guatemala,GTM,2014,0.35239
Guatemala,GTM,2015,7.40913
Guatemala,GTM,2016,0.38058
Guatemala,GTM,2017,1.86124
Guatemala,GTM,2018,6.71083
Guatemala,GTM,2019,0.56776
Guatemala,GTM,2020,27.58889
Guinea,GIN,2014,16.72485
Guinea,GIN,2015,0.51293
Guinea-Bissau,GNB,2017,2.74613
Guinea-Bissau,GNB,2018,0.0631
Guyana,GUY,2005,4.55236
Guyana,GUY,2006,1.6088
Guyana,GUY,2007,0.67092
Guyana,GUY,2008,1.033
Guyana,GUY,2009,1.0621
Guyana,GUY,2010,0.39888
Guyana,GUY,2011,1.59859
Guyana,GUY,2012,0.53567
Guyana,GUY,2013,0.402
Honduras,HND,2005,0.97259
Honduras,HND,2006,0.02715
Honduras,HND,2007,0.27863
Honduras,HND,2008,0.90828
Honduras,HND,2009,0.08887
Honduras,HND,2010,0.90728
Honduras,HND,2011,0.73034
Honduras,HND,2012,0.28622
Honduras,HND,2013,0.34994
Honduras,HND,2014,0.16603
Honduras,HND,2015,0.13992
Honduras,HND,2017,6.24155
Honduras,HND,2018,0.90987
Honduras,HND,2020,2.30706
India,IND,2005,0.7511
India,IND,2006,0.50909
India,IND,2007,0.73902
India,IND,2008,0.64128
India,IND,2009,0.52963
India,IND,2010,0.63642
India,IND,2011,0.50914
India,IND,2012,0.47378
India,IND,2013,0.89091
India,IND,2014,0.51785
India,IND,2015,0.57417
India,IND,2016,0.53827
India,IND,2017,0.57227
India,IND,2018,0.52158
India,IND,2019,0.56321
India,IND,2020,0.20941
Indonesia,IDN,2005,0.90724
Indonesia,IDN,2006,3.27788
Indonesia,IDN,2007,0.3236
Indonesia,IDN,2008,0.13307
Indonesia,IDN,2009,0.76396
Indonesia,IDN,2010,0.79952
Indonesia,IDN,2011,0.17687
Indonesia,IDN,2012,0.13039
Indonesia,IDN,2013,0.20577
Indonesia,IDN,2014,0.23953
Indonesia,IDN,2015,0.10799
Indonesia,IDN,2016,0.2236
Indonesia,IDN,2017,0.14463
Indonesia,IDN,2018,1.82237
Indonesia,IDN,2019,0.21971
Iran,IRN,2005,0.93096
Iran,IRN,2006,0.44116
Iran,IRN,2007,0.49945
Iran,IRN,2008,0.57494
Iran,IRN,2009,0.10655
Iran,IRN,2010,0.1251
Iran,IRN,2011,0.00798
Iraq,IRQ,2007,7.17268
Iraq,IRQ,2008,8.36228
Iraq,IRQ,2009,18.98027
Iraq,IRQ,2010,22.55541
Iraq,IRQ,2011,23.00478
Iraq,IRQ,2012,28.32898
Iraq,IRQ,2013,3.33191
Iraq,IRQ,2014,3.29989
Iraq,IRQ,2015,4.96981
Iraq,IRQ,2016,19.85395
Iraq,IRQ,2017,20.85649
Iraq,IRQ,2018,249.50044
Ireland,IRL,2017,0.063
Italy,ITA,2010,0.11809
Italy,ITA,2011,0.10095
Italy,ITA,2012,0.09741
Italy,ITA,2013,0.11621
Italy,ITA,2014,0.09541
Italy,ITA,2015,0.07895
Italy,ITA,2016,0.54726
Italy,ITA,2017,0.09573
Italy,ITA,2018,0.09589
Jamaica,JAM,2005,0.33957
Jamaica,JAM,2006,1.68976
Jamaica,JAM,2007,0.22423
Jamaica,JAM,2008,0.59541
Jamaica,JAM,2009,1.92908
Jamaica,JAM,2010,0.62909
Jamaica,JAM,2011,0.77836
Jamaica,JAM,2012,0.03693
Japan,JPN,2005,0.11583
Japan,JPN,2006,0.1403
Japan,JPN,2007,0.03047
Japan,JPN,2008,0.07887
Japan,JPN,2009,0.08981
Japan,JPN,2010,0.0695
Japan,JPN,2011,17.57449
Japan,JPN,2012,0.14887
Japan,JPN,2013,0.13574
Japan,JPN,2014,0.22235
Japan,JPN,2015,0.05114
Japan,JPN,2016,0.23368
Japan,JPN,2017,0.1015
Japan,JPN,2018,0.35564
Jordan,JOR,2005,1.44147
Jordan,JOR,2006,0.67476
Jordan,JOR,2007,0.58958
Jordan,JOR,2008,0.57206
Jordan,JOR,2009,0.27735
Jordan,JOR,2010,1.20932
Jordan,JOR,2011,0.2431
Jordan,JOR,2012,0.44432
Jordan,JOR,2013,0.43135
Jordan,JOR,2014,0.19309
Jordan,JOR,2015,0.1154
Jordan,JOR,2016,0.11227
Jordan,JOR,2017,0.33821
Jordan,JOR,2018,0.51411
Jordan,JOR,2019,0.09475
Kazakhstan,KAZ,2005,0.03961
Kazakhstan,KAZ,2006,0.14371
Kazakhstan,KAZ,2007,0.10979
Kazakhstan,KAZ,2008,0.06883
Kazakhstan,KAZ,2009,0.05622
Kazakhstan,KAZ,2010,0.05514
Kazakhstan,KAZ,2011,0.08456
Kazakhstan,KAZ,2012,0.0536
Kazakhstan,KAZ,2013,0.03522
Kazakhstan,KAZ,2014,0.01157
Kazakhstan,KAZ,2015,0.0228
Kazakhstan,KAZ,2016,0.04496
Kazakhstan,KAZ,2017,0.16201
Kazakhstan,KAZ,2018,0.00544
Kazakhstan,KAZ,2019,0.0161
Kazakhstan,KAZ,2020,14.7957
Kenya,KEN,2005,0.0313
Kenya,KEN,2006,0.04704
Kenya,KEN,2007,0.02958
Kenya,KEN,2008,0.16197
Kenya,KEN,2009,0.73038
Kenya,KEN,2010,0.40027
Kenya,KEN,2011,0.09862
Kenya,KEN,2012,0.06149
Kenya,KEN,2013,0.43314
Kenya,KEN,2014,0.5214
Kenya,KEN,2015,1.63736
Kenya,KEN,2016,1.48273
Kenya,KEN,2017,0.04507
Kenya,KEN,2019,1.98048
Kenya,KEN,2020,3.6494
Kiribati,KIR,2018,82.6087
Kosovo,OWID_KOS,2010,0.11263
Kosovo,OWID_KOS,2011,0.27917
Kosovo,OWID_KOS,2012,0.55337
Kosovo,OWID_KOS,2013,0.11
Kuwait,KWT,2011,0.0308
Kuwait,KWT,2020,19.44029
Kyrgyzstan,KGZ,2005,1.40184
Kyrgyzstan,KGZ,2006,1.61875
Kyrgyzstan,KGZ,2007,1.77225
Kyrgyzstan,KGZ,2008,5.33162
Kyrgyzstan,KGZ,2009,1.32754
Kyrgyzstan,KGZ,2010,2.91604
Kyrgyzstan,KGZ,2011,2.59237
Kyrgyzstan,KGZ,2012,1.78318
Kyrgyzstan,KGZ,2013,1.67752
Kyrgyzstan,KGZ,2014,1.14805
Kyrgyzstan,KGZ,2015,0.89905
Kyrgyzstan,KGZ,2016,0.7808
Kyrgyzstan,KGZ,2017,2.29634
Kyrgyzstan,KGZ,2018,0.28769
Kyrgyzstan,KGZ,2019,0.29231
Kyrgyzstan,KGZ,2020,60.65378
Laos,LAO,2005,0.33796
Laos,LAO,2006,0.27844
Laos,LAO,2007,0.4771
Laos,LAO,2008,0.75124
Laos,LAO,2009,0.96554
Laos,LAO,2010,0.83464
Laos,LAO,2011,0.47253
Laos,LAO,2012,0.7733
Lebanon,LBN,2005,0.02128
Lebanon,LBN,2006,0.10504
Lebanon,LBN,2008,0.08395
Lebanon,LBN,2012,0.01806
Lebanon,LBN,2013,0.01691
Lebanon,LBN,2015,0.16838
Lebanon,LBN,2016,0.01816
Lebanon,LBN,2018,0.16687
Lebanon,LBN,2019,0.05834
Lebanon,LBN,2020,0.01465
Liberia,LBR,2014,87.19536
Liberia,LBR,2015,0.99082
Liberia,LBR,2020,2.59012
Madagascar,MDG,2005,1.79484
Madagascar,MDG,2006,0.10527
Madagascar,MDG,2007,0.97544
Madagascar,MDG,2008,1.64117
Madagascar,MDG,2009,0.39284
Madagascar,MDG,2010,0.88372
Madagascar,MDG,2011,0.59915
Madagascar,MDG,2012,0.8089
Madagascar,MDG,2013,0.5265
Madagascar,MDG,2014,0.57055
Madagascar,MDG,2015,0.97222
Madagascar,MDG,2016,0.02536
Madagascar,MDG,2017,0.40758
Madagascar,MDG,2018,0.39096
Malawi,MWI,2005,16.61917
Malawi,MWI,2006,14.80976
Malawi,MWI,2007,14.84403
Malawi,MWI,2008,26.97128
Malawi,MWI,2009,34.26029
Malawi,MWI,2010,9.66258
Malawi,MWI,2011,7.82633
Malawi,MWI,2012,3.80816
Malawi,MWI,2013,11.38201
Malawi,MWI,2014,10.32781
Malawi,MWI,2015,6.80628
Malawi,MWI,2016,5.50284
Malawi,MWI,2017,5.29476
Malawi,MWI,2018,7.13198
Malawi,MWI,2019,6.83669
Malawi,MWI,2020,3.46135
Malaysia,MYS,2005,0.05375
Malaysia,MYS,2006,0.0565
Malaysia,MYS,2007,0.08131
Malaysia,MYS,2008,0.10157
Malaysia,MYS,2010,0.01399
Malaysia,MYS,2011,0.05505
Malaysia,MYS,2012,0.01694
Malaysia,MYS,2014,0.09769
Malaysia,MYS,2015,0.05772
Malaysia,MYS,2016,0.01581
Malaysia,MYS,2017,0.1093
Malaysia,MYS,2018,0.04941
Malaysia,MYS,2019,0.02762
Malaysia,MYS,2020,1.46667
Maldives,MDV,2005,0.34043
Maldives,MDV,2006,7.69313
Maldives,MDV,2007,0.32801
Maldives,MDV,2008,1.29209
Maldives,MDV,2019,0.18729
Mali,MLI,2005,0.19604
Mali,MLI,2006,0.06638
Mali,MLI,2007,0.62209
Mali,MLI,2008,0.30365
Mali,MLI,2009,0.21337
Mali,MLI,2010,0.85882
Mali,MLI,2011,0.20829
Mali,MLI,2012,0.12874
Mali,MLI,2013,0.36292
Mali,MLI,2014,0.09816
Mali,MLI,2017,0.11126
Marshall Islands,MHL,2019,1.88118
Marshall Islands,MHL,2020,1.88118
Mauritius,MUS,2005,0.64347
Mauritius,MUS,2006,0.55879
Mauritius,MUS,2007,12.61501
Mauritius,MUS,2008,1.8919
Mauritius,MUS,2009,11.9997
Mauritius,MUS,2010,11.08575
Mauritius,MUS,2011,0.64673
Mauritius,MUS,2012,11.38642
Mauritius,MUS,2013,2.0657
Mauritius,MUS,2014,0.79306
Mexico,MEX,2005,0.49021
Mexico,MEX,2006,0.65046
Mexico,MEX,2007,0.4837
Mexico,MEX,2008,0.48005
Mexico,MEX,2009,0.5424
Mexico,MEX,2010,0.47034
Mexico,MEX,2011,0.37012
Mexico,MEX,2012,0.53619
Mexico,MEX,2013,0.54536
Mexico,MEX,2014,0.40438
Mexico,MEX,2015,0.41188
Mexico,MEX,2016,0.38811
Mexico,MEX,2017,0.67899
Mexico,MEX,2018,0.40339
Mexico,MEX,2019,0.48508
Mexico,MEX,2020,0.31223
Micronesia (country),FSM,2011,1.94133
Micronesia (country),FSM,2015,9.63924
Micronesia (country),FSM,2018,1.9178
Micronesia (country),FSM,2019,499.58767
Mongolia,MNG,2005,7.56542
Mongolia,MNG,2006,7.23893
Mongolia,MNG,2007,8.20471
Mongolia,MNG,2008,9.79011
Mongolia,MNG,2009,9.09334
Mongolia,MNG,2010,8.18553
Mongolia,MNG,2011,7.50445
Mongolia,MNG,2012,7.88076
Mongolia,MNG,2013,6.51816
Mongolia,MNG,2014,5.84122
Mongolia,MNG,2015,6.47529
Mongolia,MNG,2016,7.37195
Mongolia,MNG,2017,6.41934
Mongolia,MNG,2018,6.33013
Mongolia,MNG,2019,6.28509
Mongolia,MNG,2020,7.83824
Montenegro,MNE,2006,8.00973
Montenegro,MNE,2009,0.15834
Montenegro,MNE,2013,3.05856
Montenegro,MNE,2016,0.48208
Morocco,MAR,2008,0.18913
Morocco,MAR,2009,0.32337
Morocco,MAR,2010,0.14423
Morocco,MAR,2011,0.02481
Morocco,MAR,2012,0.0092
Morocco,MAR,2013,0.01517
Morocco,MAR,2014,0.17768
Morocco,MAR,2015,0.0674
Morocco,MAR,2016,0.11019
Morocco,MAR,2017,0.08895
Morocco,MAR,2018,0.07098
Morocco,MAR,2019,0.17422
Mozambique,MOZ,2005,6.4212
Mozambique,MOZ,2006,4.58049
Mozambique,MOZ,2007,5.28779
Mozambique,MOZ,2008,5.67241
Mozambique,MOZ,2009,2.88036
Mozambique,MOZ,2010,0.08476
Mozambique,MOZ,2011,0.08243
Mozambique,MOZ,2012,0.11814
Mozambique,MOZ,2015,0.71518
Mozambique,MOZ,2016,0.22329
Mozambique,MOZ,2017,0.11133
Mozambique,MOZ,2018,0.08613
Myanmar,MMR,2005,0.03525
Myanmar,MMR,2006,0.12154
Myanmar,MMR,2007,0.07167
Myanmar,MMR,2008,281.74549
Myanmar,MMR,2009,0.04856
Myanmar,MMR,2010,0.11053
Myanmar,MMR,2011,0.47071
Myanmar,MMR,2012,0.20967
Myanmar,MMR,2013,0.13329
Myanmar,MMR,2014,0.53663
Myanmar,MMR,2015,0.65967
Myanmar,MMR,2016,0.9789
Myanmar,MMR,2017,1.41418
Myanmar,MMR,2018,1.05453
Myanmar,MMR,2019,0.96798
Myanmar,MMR,2020,0.03831
Namibia,NAM,2008,4.75082
Namibia,NAM,2009,4.98836
Namibia,NAM,2011,5.2259
Namibia,NAM,2017,1.84565
Namibia,NAM,2018,1.89297
Nepal,NPL,2005,1.77206
Nepal,NPL,2006,2.82638
Nepal,NPL,2007,2.90404
Nepal,NPL,2008,4.16997
Nepal,NPL,2009,5.4286
Nepal,NPL,2010,4.37651
Nepal,NPL,2011,2.08723
Nepal,NPL,2012,1.83083
Nepal,NPL,2013,2.34799
Nepal,NPL,2014,2.83585
Nepal,NPL,2015,33.74004
Nepal,NPL,2016,1.74806
Nepal,NPL,2017,1.9323
Nepal,NPL,2018,1.66673
Nepal,NPL,2019,1.78996
New Caledonia,NCL,2009,1.59948
New Caledonia,NCL,2011,1.16702
New Zealand,NZL,2006,0.04779
New Zealand,NZL,2007,0.07103
New Zealand,NZL,2008,0.25823
New Zealand,NZL,2009,0.06973
New Zealand,NZL,2011,4.2427
New Zealand,NZL,2012,0.06806
New Zealand,NZL,2013,0.04502
New Zealand,NZL,2014,0.02217
New Zealand,NZL,2016,0.04261
New Zealand,NZL,2017,0.02086
New Zealand,NZL,2019,0.44132
Nicaragua,NIC,2005,0.17503
Nicaragua,NIC,2006,0.83294
Nicaragua,NIC,2007,24.14422
Nicaragua,NIC,2008,0.47629
Nicaragua,NIC,2009,0.10449
Nicaragua,NIC,2010,0.41269
Nicaragua,NIC,2011,0.25014
Nicaragua,NIC,2012,0.29649
Nicaragua,NIC,2013,0.63577
Niger,NER,2005,0.35965
Niger,NER,2006,0.35351
Niger,NER,2007,0.51071
Niger,NER,2008,0.45243
Niger,NER,2009,0.51126
Niger,NER,2010,0.35228
Niger,NER,2011,0.46159
Niger,NER,2012,0.38213
Niger,NER,2013,0.32425
Niger,NER,2014,0.17671
Niger,NER,2015,7.95299
Niger,NER,2016,1.87263
Niger,NER,2017,2.49866
Niger,NER,2018,2.15215
Niger,NER,2019,2.85839
Norway,NOR,2017,4.37402
Pakistan,PAK,2005,30.39361
Pakistan,PAK,2006,6.73853
Pakistan,PAK,2007,2.89976
Pakistan,PAK,2008,5.05859
Pakistan,PAK,2009,4.14852
Pakistan,PAK,2010,3.12374
Pakistan,PAK,2011,1.51045
Pakistan,PAK,2012,1.91102
Pakistan,PAK,2013,2.14104
Pakistan,PAK,2014,0.83821
Pakistan,PAK,2016,0.24378
Pakistan,PAK,2017,0.15786
Pakistan,PAK,2018,0.06469
Palestine,PSE,2006,0.02769
Palestine,PSE,2008,0.05235
Palestine,PSE,2009,0.0255
Palestine,PSE,2010,0.02485
Palestine,PSE,2013,0.09243
Palestine,PSE,2015,0.99329
Palestine,PSE,2016,1.83505
Palestine,PSE,2017,1.47887
Palestine,PSE,2018,0.0206
Panama,PAN,2005,0.38794
Panama,PAN,2006,0.32226
Panama,PAN,2007,0.94944
Panama,PAN,2008,4.04185
Panama,PAN,2009,2.61111
Panama,PAN,2010,1.96722
Panama,PAN,2011,2.17519
Panama,PAN,2012,1.0033
Panama,PAN,2013,1.63605
Panama,PAN,2014,2.47874
Panama,PAN,2015,0.37732
Panama,PAN,2016,1.2633
Panama,PAN,2017,0.56123
Panama,PAN,2018,1.56296
Panama,PAN,2019,0.61629
Panama,PAN,2020,0.04675
Papua New Guinea,PNG,2005,0.06919
Papua New Guinea,PNG,2006,1.06473
Papua New Guinea,PNG,2007,8.47094
Papua New Guinea,PNG,2008,0.38735
Papua New Guinea,PNG,2009,5.97886
Papua New Guinea,PNG,2010,0.23938
Papua New Guinea,PNG,2011,0.01375
Papua New Guinea,PNG,2012,0.92854
Papua New Guinea,PNG,2013,0.1317
Papua New Guinea,PNG,2014,0.3868
Papua New Guinea,PNG,2015,0.37879
Papua New Guinea,PNG,2020,0.5
Paraguay,PRY,2005,0.0346
Paraguay,PRY,2006,0.03403
Paraguay,PRY,2007,0.31801
Paraguay,PRY,2008,0.7576
Paraguay,PRY,2009,0.24316
Paraguay,PRY,2010,0.33515
Paraguay,PRY,2011,0.39288
Paraguay,PRY,2012,0.40241
Paraguay,PRY,2013,0.06098
Paraguay,PRY,2014,0.12017
Paraguay,PRY,2015,0.13322
Paraguay,PRY,2016,0.16048
Paraguay,PRY,2017,0.04314
Paraguay,PRY,2018,0.09925
Paraguay,PRY,2019,0.0699
Peru,PER,2005,0.49621
Peru,PER,2006,0.33036
Peru,PER,2007,2.24353
Peru,PER,2008,0.6908
Peru,PER,2009,0.50803
Peru,PER,2010,0.62114
Peru,PER,2011,0.46984
Peru,PER,2012,0.70016
Peru,PER,2013,0.50861
Peru,PER,2014,0.29207
Peru,PER,2015,0.57782
Peru,PER,2016,0.34298
Peru,PER,2017,0.77924
Peru,PER,2018,0.52235
Peru,PER,2019,0.34546
Philippines,PHL,2005,0.22402
Philippines,PHL,2006,3.83337
Philippines,PHL,2007,0.31499
Philippines,PHL,2008,1.11655
Philippines,PHL,2009,1.50498
Philippines,PHL,2010,0.2675
Philippines,PHL,2011,2.20831
Philippines,PHL,2012,2.78518
Philippines,PHL,2013,8.01352
Philippines,PHL,2014,0.36243
Philippines,PHL,2015,0.26051
Philippines,PHL,2016,0.10668
Philippines,PHL,2017,0.23026
Philippines,PHL,2018,0.4062
Philippines,PHL,2019,0.07923
Philippines,PHL,2020,8.66492
Romania,ROU,2005,0.18239
Romania,ROU,2006,0.16465
Romania,ROU,2007,0.05206
Romania,ROU,2008,0.09207
Romania,ROU,2009,0.05871
Romania,ROU,2010,0.13304
Romania,ROU,2012,0.0199
Romania,ROU,2013,0.02997
Romania,ROU,2014,0.04009
Romania,ROU,2015,0.02013
Romania,ROU,2016,0.03542
Romania,ROU,2017,0.00509
Romania,ROU,2018,6.34388
Russia,RUS,2009,0.51423
Russia,RUS,2010,0.4781
Russia,RUS,2011,0.55367
Russia,RUS,2012,0.58159
Russia,RUS,2013,0.43252
Russia,RUS,2014,0.39466
Russia,RUS,2015,0.47779
Russia,RUS,2016,0.53788
Russia,RUS,2017,0.37875
Russia,RUS,2018,0.48809
Russia,RUS,2019,0.36245
Russia,RUS,2020,0.22212
Rwanda,RWA,2016,0.30347
Saint Kitts and Nevis,KNA,2006,4.0008
Saint Kitts and Nevis,KNA,2007,7.89889
Saint Kitts and Nevis,KNA,2008,1.94932
Saint Kitts and Nevis,KNA,2010,3.79867
Saint Kitts and Nevis,KNA,2011,2.11887
Saint Kitts and Nevis,KNA,2014,3.7037
Saint Lucia,LCA,2007,0.59404
Saint Lucia,LCA,2009,1.82121
Saint Lucia,LCA,2010,7.23895
Saint Lucia,LCA,2011,11.94986
Saint Lucia,LCA,2013,2.92834
Saint Vincent and the Grenadines,VCT,2005,1.82859
Saint Vincent and the Grenadines,VCT,2008,0.91209
Saint Vincent and the Grenadines,VCT,2013,10.90125
Samoa,WSM,2005,10.00361
Samoa,WSM,2009,209.20276
Samoa,WSM,2014,0.52065
Samoa,WSM,2019,41.31943
Senegal,SEN,2005,0.74305
Senegal,SEN,2006,0.6693
Senegal,SEN,2007,0.98097
Senegal,SEN,2008,0.37159
Senegal,SEN,2009,0.59977
Senegal,SEN,2010,1.73469
Senegal,SEN,2011,1.53406
Senegal,SEN,2012,2.2638
Senegal,SEN,2013,5.11324
Senegal,SEN,2014,4.30841
Senegal,SEN,2015,0.02786
Serbia,SRB,2005,0.0672
Serbia,SRB,2006,0.13492
Serbia,SRB,2007,0.16257
Serbia,SRB,2008,0.24489
Serbia,SRB,2009,0.21856
Serbia,SRB,2010,0.3703
Serbia,SRB,2011,0.49748
Serbia,SRB,2012,0.76373
Serbia,SRB,2013,0.05581
Serbia,SRB,2014,0.49076
Serbia,SRB,2016,0.01417
Serbia,SRB,2017,0.04273
Serbia,SRB,2018,0.12889
Serbia,SRB,2020,0.04325
Seychelles,SYC,2017,1.04337
Sierra Leone,SLE,2006,0.05595
Sierra Leone,SLE,2009,0.95986
Sierra Leone,SLE,2010,0.96238
Sierra Leone,SLE,2011,0.72751
Sierra Leone,SLE,2012,3.9446
Sierra Leone,SLE,2013,2.80282
Sierra Leone,SLE,2014,4.34794
Sierra Leone,SLE,2015,12.88756
Slovenia,SVN,2005,1.45175
Slovenia,SVN,2006,1.04824
Slovenia,SVN,2007,1.39277
Slovenia,SVN,2008,1.13532
Slovenia,SVN,2009,1.2301
Slovenia,SVN,2010,2.14951
Slovenia,SVN,2011,0.87797
Slovenia,SVN,2012,1.5568
Slovenia,SVN,2013,0.48571
Slovenia,SVN,2014,0.63074
Slovenia,SVN,2015,0.53324
Slovenia,SVN,2016,1.06579
Slovenia,SVN,2017,0.62927
Slovenia,SVN,2018,1.11279
Slovenia,SVN,2019,0.90733
Solomon Islands,SLB,2007,29.08938
Solomon Islands,SLB,2009,10.27391
Solomon Islands,SLB,2010,1.08021
Solomon Islands,SLB,2011,0.35112
Solomon Islands,SLB,2012,0.17133
Solomon Islands,SLB,2013,4.01571
Solomon Islands,SLB,2014,3.59749
South Africa,ZAF,2015,0.55862
South Africa,ZAF,2016,0.53659
South Korea,KOR,2005,0.10999
South Korea,KOR,2006,0.14383
South Korea,KOR,2007,0.04865
South Korea,KOR,2008,0.13748
South Korea,KOR,2009,0.50128
South Korea,KOR,2010,0.20379
South Korea,KOR,2011,0.16673
South Korea,KOR,2012,0.04323
South Korea,KOR,2013,0.03294
South Korea,KOR,2014,0.85014
South Korea,KOR,2015,0.13119
South Korea,KOR,2016,0.05071
South Korea,KOR,2017,0.14002
South Korea,KOR,2018,0.28278
South Korea,KOR,2019,0.21437
South Sudan,SSD,2016,2.53821
Spain,ESP,2005,0.12952
Spain,ESP,2006,0.13174
Spain,ESP,2007,0.07664
Spain,ESP,2008,0.06272
Spain,ESP,2009,0.09465
Spain,ESP,2010,0.14143
Spain,ESP,2011,0.11107
Spain,ESP,2012,0.0856
Spain,ESP,2013,0.0731
Spain,ESP,2014,0.06459
Spain,ESP,2015,0.12705
Spain,ESP,2016,0.07093
Spain,ESP,2017,0.09002
Spain,ESP,2018,0.12197
Spain,ESP,2019,0.11079
Sri Lanka,LKA,2005,0.18835
Sri Lanka,LKA,2006,0.46833
Sri Lanka,LKA,2007,0.49903
Sri Lanka,LKA,2008,0.50874
Sri Lanka,LKA,2009,0.23442
Sri Lanka,LKA,2010,0.24667
Sri Lanka,LKA,2011,0.59353
Sri Lanka,LKA,2012,0.62668
Sri Lanka,LKA,2013,0.6121
Sri Lanka,LKA,2014,0.6016
Sri Lanka,LKA,2015,0.23844
Sri Lanka,LKA,2016,1.15078
Sri Lanka,LKA,2017,2.01921
Sri Lanka,LKA,2018,0.42455
Sri Lanka,LKA,2019,0.20639
Sri Lanka,LKA,2020,0.37836
Sudan,SDN,2005,3.49858
Sudan,SDN,2006,2.7224
Sudan,SDN,2007,2.02643
Sudan,SDN,2008,2.03042
Sudan,SDN,2009,1.90291
Sudan,SDN,2010,1.77687
Sudan,SDN,2011,1.20381
Sudan,SDN,2012,0.95277
Sudan,SDN,2013,0.78255
Sudan,SDN,2014,0.69189
Sudan,SDN,2015,0.33563
Sudan,SDN,2016,0.22475
Sudan,SDN,2017,0.44627
Sudan,SDN,2018,0.18578
Sudan,SDN,2019,0.89516
Sweden,SWE,2005,0.07737
Sweden,SWE,2007,0.03267
Sweden,SWE,2014,0.01026
Sweden,SWE,2020,89.26425
Switzerland,CHE,2005,6.73001
Switzerland,CHE,2006,5.80657
Switzerland,CHE,2007,5.84711
Switzerland,CHE,2008,5.70846
Switzerland,CHE,2009,5.36874
Switzerland,CHE,2010,4.77756
Switzerland,CHE,2011,4.92793
Switzerland,CHE,2012,5.34888
Switzerland,CHE,2013,4.14024
Switzerland,CHE,2014,3.75106
Switzerland,CHE,2015,13.40198
Switzerland,CHE,2016,3.18307
Switzerland,CHE,2017,3.48887
Switzerland,CHE,2018,5.8634
Switzerland,CHE,2019,8.94721
Syria,SYR,2005,0.13232
Syria,SYR,2006,0.36865
Syria,SYR,2007,0.8189
Syria,SYR,2008,1.26247
Syria,SYR,2009,0.25839
Tajikistan,TJK,2015,0.41412
Tajikistan,TJK,2016,0.23129
Tajikistan,TJK,2017,0.3508
Tajikistan,TJK,2018,0.13436
Tajikistan,TJK,2019,0.26297
Tajikistan,TJK,2020,0.08675
Tanzania,TZA,2006,0.00523
Tanzania,TZA,2007,0.1014
Tanzania,TZA,2008,0.19917
Tanzania,TZA,2009,0.22426
Tanzania,TZA,2010,0.45383
Tanzania,TZA,2011,3.71587
Tanzania,TZA,2012,0.95707
Tanzania,TZA,2013,0.1057
Tanzania,TZA,2014,0.08781
Tanzania,TZA,2015,8.09572
Tanzania,TZA,2016,7.10617
Tanzania,TZA,2017,5.48001
Tanzania,TZA,2018,4.85247
Tanzania,TZA,2019,0.58507
Tanzania,TZA,2020,0.15962
Thailand,THA,2015,0.19017
Thailand,THA,2016,0.27908
Thailand,THA,2017,0.35354
Thailand,THA,2018,0.13401
Timor,TLS,2006,0.68966
Timor,TLS,2009,0.35874
Timor,TLS,2010,0.93773
Timor,TLS,2011,0.71404
Timor,TLS,2012,0.86783
Timor,TLS,2013,1.61008
Timor,TLS,2014,0.33
Timor,TLS,2015,6.1674
Timor,TLS,2016,0.32756
Timor,TLS,2017,0.16109
Togo,TGO,2005,0.12474
Togo,TGO,2006,0.20823
Togo,TGO,2007,3.68221
Togo,TGO,2008,0.31232
Togo,TGO,2009,1.39181
Togo,TGO,2010,2.44484
Togo,TGO,2011,3.36571
Togo,TGO,2012,0.07381
Togo,TGO,2013,17.42701
Togo,TGO,2014,2.25553
Togo,TGO,2017,0.05573
Togo,TGO,2019,0.10627
Togo,TGO,2020,1.02518
Tonga,TON,2009,15.50643
Tonga,TON,2014,0.96786
Trinidad and Tobago,TTO,2005,0.1545
Trinidad and Tobago,TTO,2008,0.07642
Trinidad and Tobago,TTO,2009,0.07633
Trinidad and Tobago,TTO,2010,0.07589
Trinidad and Tobago,TTO,2012,0.14979
Trinidad and Tobago,TTO,2020,9.45758
Tunisia,TUN,2005,0.01994
Tunisia,TUN,2006,0.07899
Tunisia,TUN,2007,0.21516
Tunisia,TUN,2008,0.00968
Tunisia,TUN,2009,2.01758
Tunisia,TUN,2010,0.05679
Tunisia,TUN,2011,0.49651
Tunisia,TUN,2012,0.33382
Tunisia,TUN,2013,0.01836
Tunisia,TUN,2018,0.16448
Turkey,TUR,2005,0.12054
Turkey,TUR,2006,0.22946
Turkey,TUR,2007,0.25784
Turkey,TUR,2008,0.13423
Turkey,TUR,2009,0.15849
Turkey,TUR,2010,0.2428
Turkey,TUR,2011,1.01975
Turkey,TUR,2012,0.13355
Turkey,TUR,2013,0.21782
Turkey,TUR,2014,0.21108
Turkey,TUR,2015,0.02413
Turkey,TUR,2016,0.0451
Turkey,TUR,2017,0.01237
Turkey,TUR,2018,0.00732
Turkey,TUR,2019,0.06855
Uganda,UGA,2005,0.40809
Uganda,UGA,2006,1.43382
Uganda,UGA,2007,0.96917
Uganda,UGA,2008,0.68598
Uganda,UGA,2009,0.67512
Uganda,UGA,2010,9.76888
Uganda,UGA,2011,2.28902
Uganda,UGA,2012,0.39553
Uganda,UGA,2013,0.32528
Uganda,UGA,2014,0.24253
Uganda,UGA,2015,0.07887
Uganda,UGA,2016,0.2892
Uganda,UGA,2017,0.23521
Uganda,UGA,2018,0.31235
Ukraine,UKR,2006,0.0107
Ukraine,UKR,2007,0.07102
Ukraine,UKR,2008,0.09525
Ukraine,UKR,2010,0.01092
Ukraine,UKR,2012,0.0066
Ukraine,UKR,2013,0.00661
Ukraine,UKR,2014,0.00663
Ukraine,UKR,2016,0.00939
Ukraine,UKR,2019,0.01667
Ukraine,UKR,2020,47.46626
United Arab Emirates,ARE,2007,0.3139
United Arab Emirates,ARE,2008,2.17997
United Arab Emirates,ARE,2009,1.23784
United Arab Emirates,ARE,2010,1.28655
United Arab Emirates,ARE,2011,1.00592
United Arab Emirates,ARE,2012,1.17042
United Arab Emirates,ARE,2013,2.65275
United Arab Emirates,ARE,2014,1.7799
United Arab Emirates,ARE,2015,0.48104
United Arab Emirates,ARE,2016,0.17542
United Arab Emirates,ARE,2017,0.30094
United Arab Emirates,ARE,2018,0.32028
United Arab Emirates,ARE,2019,0.43141
United Arab Emirates,ARE,2020,0.13542
United Kingdom,GBR,2005,0.10428
United Kingdom,GBR,2006,0.08276
United Kingdom,GBR,2007,0.07502
United Kingdom,GBR,2008,0.07764
United Kingdom,GBR,2009,0.11243
United Kingdom,GBR,2010,0.07808
United Kingdom,GBR,2011,0.07743
United Kingdom,GBR,2012,0.07064
United Kingdom,GBR,2013,0.09048
United Kingdom,GBR,2014,0.04954
United Kingdom,GBR,2015,0.12287
United Kingdom,GBR,2016,0.06702
United Kingdom,GBR,2017,0.09388
United Kingdom,GBR,2018,0.13246
United Kingdom,GBR,2019,0.06138
United States,USA,2015,0.21742
United States,USA,2016,0.20655
United States,USA,2017,1.18108
United States,USA,2018,0.23596
United States,USA,2019,0.17317
Uruguay,URY,2005,0.8552
Uruguay,URY,2006,0.1775
Uruguay,URY,2007,0.03542
Uruguay,URY,2008,0.24709
Uruguay,URY,2009,1.78816
Uruguay,URY,2010,0.17394
Uruguay,URY,2011,0.44929
Uruguay,URY,2012,0.89433
Uruguay,URY,2013,0.41078
Uruguay,URY,2014,0.14477
Uruguay,URY,2015,0.13562
Uruguay,URY,2017,0.02863
Uruguay,URY,2018,0.14261
Uruguay,URY,2019,0.17052
Uruguay,URY,2020,5.12615
Uzbekistan,UZB,2019,0.00596
Vanuatu,VUT,2006,0.90327
Vanuatu,VUT,2011,0.4093
Vanuatu,VUT,2014,4.98815
Vanuatu,VUT,2015,4.13085
Vanuatu,VUT,2020,1.08124
Venezuela,VEN,2005,1.49284
Venezuela,VEN,2006,0.50492
Venezuela,VEN,2007,0.27256
Venezuela,VEN,2008,0.11972
Venezuela,VEN,2009,0.11079
Venezuela,VEN,2010,0.14438
Venezuela,VEN,2011,0.0808
Venezuela,VEN,2012,0.37974
Venezuela,VEN,2013,0.0742
Venezuela,VEN,2014,0.20286
Venezuela,VEN,2015,0.05904
Vietnam,VNM,2005,0.84717
Vietnam,VNM,2006,0.70219
Vietnam,VNM,2007,0.49277
Vietnam,VNM,2008,0.75189
Vietnam,VNM,2009,0.35878
Vietnam,VNM,2010,0.10581
Yemen,YEM,2005,0.81842
Yemen,YEM,2006,0.3397
Yemen,YEM,2007,1.96852
Yemen,YEM,2008,1.31093
Yemen,YEM,2009,2.74319
Yemen,YEM,2010,0.67375
Zambia,ZMB,2005,0.88387
Zambia,ZMB,2006,0.00859
Zambia,ZMB,2009,0.05544
Zambia,ZMB,2010,0.02291
Zambia,ZMB,2012,0.01414
Zambia,ZMB,2013,0.01372
Zambia,ZMB,2014,0.01997
Zambia,ZMB,2015,0.02585
Zambia,ZMB,2016,0.05021
Zambia,ZMB,2017,0.06705
Zimbabwe,ZWE,2005,782.04565
Zimbabwe,ZWE,2019,2.26919